african-essence-control-wig-spray-4-oz,195.00
african-essence-weave-spray-6-in-1-12oz,120.00
african-pride-braid-sheen-spray-12oz,136.50
aftress-syn-afro-kinky-bulk,0.00
allday-locks-synthetic-wig-spray-8-oz-revitalizing-refreshing-leave-in-conditioner-smoothens-detangles-nourishes-cleanses-softens-and-revitalizes-synthetic-hair-8-oz,350.00
bobbi-boss-3x-brazilian-soft-water-wave-braid-26-inches,0.00
bobbi-boss-human-hair-blend-drawstring-ponytail-kinky-blow-out-20-inches,0.00
bobbi-boss-loc-twist-afro-twista-ponytail-18-inches,0.00
bobbi-boss-miss-origin-designer-mix-tress-up-ocean-wave-28-inches,0.00
bobbi-boss-miss-origin-designer-mix-tress-up-ocean-wave-28-inches-ponytail-mod021,0.00
difeel-rosemary-and-mint-infused-with-biotin-root-stimulator-7-1-oz,170.00
difeel-rosemary-mint-infused-biotin-root-stimulator,175.00
freetress-100-human-hair-braid-water-bulk-18-inches,220.00
freetress-3x-pre-fluffed-poppin-twist-16,0.00
freetress-braid-synthetic-hair-3x-braid-french-curl-22,0.00
freetress-crochet-braids-3x-pre-fluffed-poppin-twist-20-inches,0.00
freetress-equal-3x-cuban-twist-soft-natural-16-inches,0.00
glossy-100-virgin-remy-hair-deep-wave-18-20-22-natural-black,0.00
mane-concept-mega-brazilian-braids,840.00
mane-concept-mega-brazilian-human-hair-blend-braids-deep-wave-bulk-18,0.00
new,500.00
new-wild-growth-never-before-now-growth-hair-oil-4-oz,185.00
outre-human-hair-blend-big-beautiful-hair-clip-in-9-4a-kinky-curly,0.00
outre-human-hair-blend-clip-in-9,455.00
outre-x-pression-4-in-1-pre-loop-crochet-braid-bahamas-curl-14-inch,0.00
outre-x-pression-braid-natural-kinky-twist-18-inches,650.00
outre-x-pression-lil-looks-3x-crochet-braid-springy-afro-twist-10,0.00
outre-x-pression-twisted-up-crochet-braids-swicy-afro-twist-3x-18,0.00
outre-xpression-lil-looks-3x-crochet-braid,525.00
premium-lace-front-wig-black,315.00
premium-synthetic-braiding-hair-24-inches-long,499.00
premium-synthetic-braiding-hair-24-inches-long-1,0.00
sensationnel-bare-lace-glueless-extra-transparent-luxe-13x6-lace-front-wig-13x6-unit-3,0.00
sensationnel-butta-lace-synthetic-hair-hd-lace-wig-butta-unit-5,0.00
sensationnel-cloud9-glueless-what-lace-13-6-hd-lace-front-wig-zelena,0.00
sensationnel-curls-kinks-textured-glueless-hd,840.00
sensationnel-curls-kinks-textured-glueless-hd-13-6-lace-front-wig-13-6-kinky-bob-9-kinky-edges,0.00
sensationnel-curs-kinks-co-glueless-synthetic-kinky-edges-13-6-hd-lace-front-wig-13-6-kinky-body-wave-14,0.00
sensationnel-human-hair-curls-kinks-co-textured-clip-in-extension-hh-4c-clique,0.00
sensationnel-human-hair-curls-kinks-co-textured-clip-in-extension-hh-4c-clique-9pcs-14-inch,0.00
sensationnel-instant-weave-synthetic-half-wig-with-drawstring-cap-iwd-4,0.00
sensationnel-lulutress-crochet-braid-water-wave-18-inches,0.00
sensationnel-ocean-wave-30-inches-butta,350.00
sensationnel-ocean-wave-30-inches-butta-human-hair-blend-hd-lace-wig,0.00
sensationnel-premium-fiber-curls-kinks-co-textured-clip-in-alpha-woman-12-inches,0.00
sensationnel-synthetic-cloud9-what-lace-wig-latisha,0.00
shake-n-go-glossy-100-virgin-remy-hair-bundle-multipack-straight,0.00
shake-n-go-organique-pony-pro-weave-ponytail-sleek-straight,0.00
simply-stylin-silk-serum-anti-frizz-heat-protectant-for-synthetic-wigs-pure-silicone-serum-for-dry-and-frizzy-hair-detangler-4-fl-oz,350.00
stay-on-satin-anti-breakage,0.00
swing-it-wig-it-leave-in-conditioner-4oz,170.00
synthetic-braiding-hair-24,120.00
vivica-a-fox-100-brazilian-human-hair-blend-drawstring-ponytail,0.00
vivica-a-fox-brazilian-hair-blend-drawstring,350.00
wig-it-detangler-4oz,160.00
wild-growth-hair-oil-4-oz,0.00
wild-growth-never-before-now-growth-hair-oil,129.50
zury-sis-crochet-braid-v11-boho-curly,315.00
zury-sis-crochet-braid-v11-boho-curly-12-13-14-inch,0.00
